{
  "images" : [
    {
      "size" : "29x29",
      "idiom" : "iphone",
      "filename" : "baby-icon-58x58.png",
      "scale" : "2x"
    },
    {
      "size" : "29x29",
      "idiom" : "iphone",
      "filename" : "baby-icon-87x87.png",
      "scale" : "3x"
    },
    {
      "size" : "60x45",
      "idiom" : "iphone",
      "filename" : "baby-icon-120x90.png",
      "scale" : "2x"
    },
    {
      "size" : "60x45",
      "idiom" : "iphone",
      "filename" : "baby-icon-180x135.png",
      "scale" : "3x"
    },
    {
      "idiom" : "ipad",
      "size" : "29x29",
      "scale" : "2x"
    },
    {
      "size" : "67x50",
      "idiom" : "ipad",
      "filename" : "baby-icon-134x100.png",
      "scale" : "2x"
    },
    {
      "size" : "74x55",
      "idiom" : "ipad",
      "filename" : "baby-icon-148x110.png",
      "scale" : "2x"
    },
    {
      "size" : "27x20",
      "idiom" : "universal",
      "filename" : "baby-icon-54x40.png",
      "scale" : "2x",
      "platform" : "ios"
    },
    {
      "size" : "27x20",
      "idiom" : "universal",
      "filename" : "baby-icon-81x60.png",
      "scale" : "3x",
      "platform" : "ios"
    },
    {
      "size" : "32x24",
      "idiom" : "universal",
      "filename" : "baby-icon-64x48.png",
      "scale" : "2x",
      "platform" : "ios"
    },
    {
      "size" : "32x24",
      "idiom" : "universal",
      "filename" : "baby-icon-96x72.png",
      "scale" : "3x",
      "platform" : "ios"
    },
    {
      "size" : "1024x768",
      "idiom" : "ios-marketing",
      "filename" : "baby-icon-1024x768.png",
      "scale" : "1x",
      "platform" : "ios"
    }
  ],
  "info" : {
    "version" : 1,
    "author" : "xcode"
  }
}